<?xml version="1.0" encoding="utf-8"?>
<!-- Copyright 2019 The Chromium Authors. All rights reserved.
     Use of this source code is governed by a BSD-style license that can be
     found in the LICENSE file. -->

<!-- TODO(crbug.com/1017190): Remove the UnusedResources workaround. -->
<resources xmlns:tools="http://schemas.android.com/tools" tools:ignore="UnusedResources">
    <color name="light_active_color">@color/control_active_color_light</color>

    <!-- Text colors -->
    <color name="default_primary_color">#F2F2F2</color>
    <color name="input_underline_error_color">#D32F2F</color>
    <color name="explanation_text_color">#909090</color>
    <color name="text_highlight_color">@color/highlight_color_on_dark_text</color>

    <!-- Toolbar colors -->
    <color name="toolbar_background_primary">
        @color/default_bg_color_elev_3
    </color>
    <color name="toolbar_background_primary_dark">
        @color/default_bg_color_dark_elev_3
    </color>

    <!-- Control colors for toggles, checkboxes, ratio buttons, list item highlight, and accent.
     Note that these should NOT be used for icon tint. -->
    <color name="control_normal_color">@color/control_normal_color_light</color>
    <color name="control_highlight_color" tools:ignore="UnusedResources">
        @color/control_highlight_color_light
    </color>
</resources>
