<?xml version="1.0" encoding="utf-8"?>
<!-- Copyright 2019 The Chromium Authors. All rights reserved.
     Use of this source code is governed by a BSD-style license that can be
     found in the LICENSE file. -->

<!-- TODO(crbug.com/1017190): Remove the UnusedResources workaround. -->
<resources xmlns:tools="http://schemas.android.com/tools" tools:ignore="UnusedResources">
    <!-- Standard width for overflow menu in Chrome. -->
    <dimen name="menu_width">258dp</dimen>

    <!-- Button bar dimensions -->
    <dimen name="button_bar_stacked_margin">8dp</dimen>

    <!-- Alert dialog -->
    <dimen name="dialog_padding_top">@dimen/abc_dialog_padding_top_material</dimen>
    <dimen name="dialog_padding_sides">@dimen/abc_dialog_padding_material</dimen>
</resources>
