<?xml version="1.0" encoding="utf-8"?>
<!-- Copyright 2019 The Chromium Authors. All rights reserved.

     Use of this source code is governed by a BSD-style license that can be
     found in the LICENSE file.
-->
<resources xmlns:tools="http://schemas.android.com/tools">
    <!-- Modern color palette -->
    <color name="modern_white">@android:color/white</color>
    <color name="modern_blue_300">#8AB4F8</color>
    <color name="modern_blue_300_alpha_10" tools:ignore="UnusedResources">#198AB4F8</color>
    <color name="modern_blue_300_alpha_55" tools:ignore="UnusedResources">#5A7198</color>
    <color name="modern_blue_600">#1A73E8</color>
    <color name="modern_blue_600_alpha_10" tools:ignore="UnusedResources">#191A73E8</color>
    <color name="modern_blue_600_alpha_65" tools:ignore="UnusedResources">#6AA4F0</color>
    <color name="modern_blue_700">#3367D6</color>
    <color name="modern_blue_800" tools:ignore="UnusedResources">#185ABC</color>
    <color name="modern_grey_50" tools:ignore="UnusedResources">#F8F9FA</color>
    <color name="modern_grey_100">#F1F3F4</color>
    <color name="modern_grey_100_alpha_38">#61F1F3F4</color>
    <color name="modern_grey_200" tools:ignore="UnusedResources">#E8EAED</color>
    <color name="modern_grey_200_alpha_38" tools:ignore="UnusedResources">#61E8EAED</color>
    <color name="modern_grey_300">#DADCE0</color>
    <color name="modern_grey_300_alpha_38">#61DADCE0</color>
    <color name="modern_grey_400" tools:ignore="UnusedResources">#BDC1C6</color>
    <color name="modern_grey_500" tools:ignore="UnusedResources">#9AA0A6</color>
    <color name="modern_grey_600">#80868B</color>
    <color name="modern_grey_700">#5F6368</color>
    <color name="modern_grey_800" tools:ignore="UnusedResources">#3C4043</color>
    <color name="modern_grey_800_alpha_38">#613C4043</color>
    <color name="modern_grey_900">#202124</color>
    <color name="modern_grey_900_alpha_38">#61202124</color>

    <color name="modern_grey_900_with_grey_200_alpha_5">#292A2D</color>
    <color name="modern_grey_900_with_grey_200_alpha_8">#303134</color>
    <color name="modern_grey_900_with_grey_200_alpha_11">#35363A</color>
    <color name="modern_grey_900_with_grey_200_alpha_12">#38383C</color>

    <color name="black_alpha_11" tools:ignore="UnusedResources">#1D000000</color>
    <color name="black_alpha_38" tools:ignore="UnusedResources">#61000000</color>
    <color name="black_alpha_65" tools:ignore="UnusedResources">#A6000000</color>

    <color name="white_alpha_8" tools:ignore="UnusedResources">#14FFFFFF</color>
    <color name="white_alpha_10" tools:ignore="UnusedResources">#1AFFFFFF</color>
    <color name="white_alpha_12" tools:ignore="UnusedResources">#1FFFFFFF</color>
    <color name="white_alpha_20" tools:ignore="UnusedResources">#33FFFFFF</color>
    <color name="white_alpha_24" tools:ignore="UnusedResources">#3DFFFFFF</color>
    <color name="white_alpha_32" tools:ignore="UnusedResources">#51FFFFFF</color>
    <color name="white_alpha_38" tools:ignore="UnusedResources">#61FFFFFF</color>
    <color name="white_alpha_50">#80FFFFFF</color>
    <color name="white_alpha_70">#B3FFFFFF</color>

    <!-- Old color palette -->
    <color name="google_red_300">#F28B82</color>
    <color name="google_red_600">#D93025</color>
    <color name="google_green_300">#81C995</color>
    <color name="google_green_600">#1E8E3E</color>

    <color name="google_blue_grey_500" tools:ignore="UnusedResources">#607D8B</color>
    <!-- Only use for older versions of Android mimics UI. -->
    <color name="google_blue_grey_900" tools:ignore="UnusedResources">#263238</color>
    <color name="google_blue_50" tools:ignore="UnusedResources">#E3F2FD</color>

    <!-- Warning: One off below, do not use for other purpose. -->
    <!-- TODO(https://crbug.com/1020436): Update the highlight colors to meet accessibility
        contrast ratio. -->
    <color name="highlight_color_on_light_text" tools:ignore="UnusedResources">#CC5595FE</color>
    <color name="highlight_color_on_dark_text" tools:ignore="UnusedResources">#C6DAFC</color>

    <color name="black_alpha_12" tools:ignore="UnusedResources">#1F000000</color>
    <color name="black_alpha_20" tools:ignore="UnusedResources">#33000000</color>
    <color name="black_alpha_30" tools:ignore="UnusedResources">#4D000000</color>

    <color name="white_alpha_65" tools:ignore="UnusedResources">#A6FFFFFF</color>
    <color name="white_alpha_75" tools:ignore="UnusedResources">#BFFFFFFF</color>

    <color name="find_result_bar_result" tools:ignore="UnusedResources">#FFDE43</color>
    <color name="find_result_bar_result_border" tools:ignore="UnusedResources">#C9AF35</color>
    <color name="find_result_bar_active" tools:ignore="UnusedResources">#FF9632</color>
    <color name="find_result_bar_active_border" tools:ignore="UnusedResources">#C37E3B</color>

    <color name="progress_bar_background_deprecated" tools:ignore="UnusedResources">#3D4386F7</color>

</resources>
