<?xml version="1.0" encoding="utf-8"?>
<!-- Copyright 2019 The Chromium Authors. All rights reserved.

     Use of this source code is governed by a BSD-style license that can be
     found in the LICENSE file.
-->
<resources xmlns:tools="http://schemas.android.com/tools">
    <!-- Semantic color references that don't change on night mode. -->
    <!-- Common icon colors for drawables. -->
    <color name="default_icon_color_dark">@color/modern_grey_800</color>
    <color name="default_icon_color_disabled_dark">@color/modern_grey_800_alpha_38</color>
    <color name="default_icon_color_light" tools:ignore="UnusedResources">
        @color/modern_white
    </color>
    <color name="default_icon_color_disabled_light" tools:ignore="UnusedResources">
        @color/white_alpha_38
    </color>
    <color name="default_icon_color_pressed_light" tools:ignore="UnusedResources">
        @color/white_alpha_50
    </color>
    <color name="default_icon_color_secondary_dark">@color/modern_grey_600</color>
    <color name="default_icon_color_secondary_light">@color/white_alpha_70</color>
    <color name="default_icon_color_blue_light">@color/modern_blue_300</color>
    <color name="default_icon_color_blue_dark">@color/modern_blue_600</color>

    <!-- Common text colors -->
    <color name="default_text_color_dark">@color/modern_grey_900</color>
    <color name="default_text_color_light">@color/modern_white</color>
    <color name="default_text_color_secondary_dark">@color/modern_grey_700</color>
    <color name="default_text_color_secondary_light">@color/white_alpha_70</color>
    <color name="default_text_color_tertiary_light">@color/white_alpha_50</color>
    <color name="default_text_color_tertiary_dark">@color/modern_grey_900_alpha_38</color>
    <color name="default_text_color_link_dark">@color/modern_blue_600</color>
    <color name="default_text_color_link_light">@color/modern_blue_300</color>
    <color name="default_text_color_error_light">@color/google_red_300</color>
    <color name="default_text_color_error_dark">@color/google_red_600</color>

    <color name="default_red_light" tools:ignore="UnusedResources">@color/google_red_300</color>
    <color name="default_red_dark" tools:ignore="UnusedResources">@color/google_red_600</color>

    <color name="default_green_light" tools:ignore="UnusedResources">@color/google_green_300</color>
    <color name="default_green_dark" tools:ignore="UnusedResources">@color/google_green_600</color>

    <!-- Common background colors. -->
    <color name="default_bg_color_light">@color/modern_white</color>
    <color name="default_bg_color_dark">@color/modern_grey_900</color>
    <color name="default_bg_color_dark_elev_1" tools:ignore="UnusedResources">
        @color/modern_grey_900_with_grey_200_alpha_5
    </color>
    <color name="default_bg_color_dark_elev_2" tools:ignore="UnusedResources">
        @color/modern_grey_900_with_grey_200_alpha_8
    </color>
    <color name="default_bg_color_dark_elev_3" tools:ignore="UnusedResources">
        @color/modern_grey_900_with_grey_200_alpha_11
    </color>
    <color name="default_bg_color_dark_elev_4" tools:ignore="UnusedResources">
        @color/modern_grey_900_with_grey_200_alpha_12
    </color>
    <color name="divider_bg_color_dark">@color/modern_grey_300</color>
    <color name="divider_bg_color_light">@color/white_alpha_12</color>

    <!-- Colors used for Widgets (checkboxes, switches, buttons, etc)-->
    <color name="control_active_color_light" tools:ignore="UnusedResources">@color/modern_blue_600</color>
    <color name="control_active_color_dark" tools:ignore="UnusedResources">@color/modern_blue_300</color>
    <color name="control_normal_color_light" tools:ignore="UnusedResources">@color/modern_grey_700</color>
    <color name="control_normal_color_dark" tools:ignore="UnusedResources">@color/modern_grey_500</color>
    <color name="control_highlight_color_light" tools:ignore="UnusedResources">
        @color/modern_grey_800_alpha_38
    </color>
    <color name="control_highlight_color_dark" tools:ignore="UnusedResources">@color/white_alpha_12</color>

    <!--  Others  -->
    <color name="filled_button_bg_color_dark">@color/modern_blue_600</color>
    <color name="filled_button_bg_color_light">@color/modern_blue_300</color>

    <!-- Illustration only -->
    <color name="ntp_incognito_icon_color" tools:ignore="UnusedResources">@color/modern_grey_300</color>
</resources>
